{"cameraMode":{"drawMode":0,"name":"Shaded","section":"Shading Mode"},"sceneLighting":false,"audioPlay":false,"sceneViewState":{"showFog":true,"showMaterialUpdate":true,"showSkybox":true,"showFlares":true,"showImageEffects":true,"showParticleSystems":true},"in2DMode":false,"pivot":{"x":0.15070444345474244,"y":0.19473201036453248,"z":-4.308381080627441},"rotation":{"x":-0.10209570825099945,"y":0.748757004737854,"z":-0.11868427693843842,"w":-0.6440911889076233},"size":0.532220184803009,"orthographic":false}