{"cameraMode":{"drawMode":0,"name":"Shaded","section":"Shading Mode"},"sceneLighting":false,"audioPlay":false,"sceneViewState":{"showFog":true,"showMaterialUpdate":true,"showSkybox":true,"showFlares":true,"showImageEffects":true,"showParticleSystems":true},"in2DMode":false,"pivot":{"x":-4.084284782409668,"y":-0.2461632490158081,"z":-0.22597289085388184},"rotation":{"x":0.023398490622639657,"y":0.652512788772583,"z":0.02017008699476719,"w":-0.7571477890014648},"size":10.978206634521485,"orthographic":false}